l2_offset,bw(GB/s)
0,2.35496
1024,2.66802
2048,2.59591
3072,2.57109
4096,2.68936
5120,2.61103
6144,2.57602
7168,2.62633
8192,3.82012
9216,3.75609
10240,3.93182
11264,3.77719
12288,3.76661
13312,3.85295
14336,3.77719
15360,3.87516
16384,2.65223
17408,2.67865
18432,2.61103
19456,2.59091
20480,2.66802
21504,2.58592
22528,2.58096
23552,2.62121
24576,3.87516
25600,3.75609
26624,4.00203
27648,3.77719
28672,3.73522
29696,3.84195
30720,3.75609
31744,3.84195
